X,Y
-4.662262677220208,41.84298632027783
-4.316559446725467,34.661119537360236
-4.213984764590729,39.38300087682567
-3.9496610890515704,37.53984488250128
-3.578553716228682,32.28453118789761
-3.455711698065576,30.00113847641735
-3.108440120890996,22.63540127701263
-3.081303324303456,25.36502221208036
-2.672460827006454,19.22697004825409
-2.652286792936049,20.27967917842273
-2.6514980333001317,13.275828499002513
-2.288263998488389,18.123991212726548
-2.111869690297304,11.218294472789264
-1.8189376094349368,10.012867848328883
-1.6603477296372016,12.615181154152337
-1.3263789834948423,10.957731335561812
-1.1731232680778254,6.689122639625872
-0.773330043103446,9.392968661109096
-0.6737528018380357,5.210162615266291
-0.1496348665335983,4.673642540546473
-0.0361564976826873,0.3286255169266415
-0.0338952855714465,0.8976031867492689
0.0086076987316141,3.165600007954848
0.1492445740467583,1.931416028704983
0.6887809076106148,2.5767822446188835
0.6935988725293257,4.625689457527259
0.8749050291584157,0.7899736505077737
1.0241808138155706,2.313806358173546
1.2407116187783347,1.292360810760447
1.3598126741393184,0.9531153124098825
1.7400000122653545,3.782570135712502
1.850551925836895,4.857987801146915
1.999310369037285,8.9438232087124
2.075100596577272,8.17073493579141
2.318591239633373,7.412094028378014
2.4719459973351454,10.336630624804783
2.784836463321575,15.996619968225746
2.8317602113138345,12.568237393671758
2.959932091478899,21.342915741299237
3.020874314267157,20.11441346128526
3.211366144342004,22.83940550303454
3.270044068238683,16.98327873697228
3.316072519311853,25.14208222879581
3.3359324122355543,26.10474040667661
3.61077847766804,28.912187929191944
3.704057438377216,17.84395651991352
4.130867961260749,34.53074273928149
4.133533788303586,27.69838334813044
4.899031513688672,41.51482194316632
3.961165164990132,35.80134620124135
3.188805699188646,27.632913394848153
-3.838265969918319,26.032844981123105
0.40739049310197495,12.353018916828649
3.838309017464363,25.316779204236184
-2.2178851613188186,28.22091473226189
2.338168958551787,18.58755835015003
-3.30124692891784,30.914029579617136
-5.5827736268994785,29.40490495002603
1.4337615444551761,4.1922963820710155
0.08217575856404513,-8.216092910127664
4.4555586468695125,38.685602016405184
-3.5526654748845097,21.574474999763304
-2.7625296837274975,23.624858478422894
3.8354488274068816,2.731875592363785
-5.615723155099822,10.448611254304712
-1.9664291588748257,36.555589131280286
0.2444806170518707,7.810143040214566
3.901906141322212,20.117132971491728
1.088398712412715,15.212109430040622
0.1540909779947654,21.868585649351587
2.027387946639368,-3.7970038028960253
0.1854220801457585,3.9148398647814595
0.3028623265335079,30.474309130213527
1.2105211813443681,13.164474913849656
-7.553821934120361,29.96028133685936
3.4333239638374353,27.293090927985943
-0.08459098590025638,29.799675004131494
3.164223246456173,11.347019609567418
-3.8182906905984755,35.67293273580832
-0.8171849734364831,33.43628612111985
-3.4109013029269786,20.351955524964495
2.0188133281313627,21.992186290375244
-1.6803893244847707,22.222090277204423
-0.8278884859322011,12.407567019133907
0.7314351026787311,33.44873067872585
-1.9186473718627954,34.912146991776915
-0.06807837089951962,23.733280207050242
-3.0961830248311526,8.458927270433644
-0.5052657783116261,16.515482047260853
3.523852545429141,-1.8148902502632183
0.7457271838605806,40.60281868359614
1.7758738054882945,18.33850169324524
1.9621602244731615,16.51206207728295
-1.5073816737188028,4.913723962060326
2.0142190737610965,48.71054485077401
3.9306118881190106,23.271186122863384
3.4641515459946417,28.270136719736037
0.7595218295338382,-4.04304308246174
-2.5257139506630994,31.450967135831906
1.85613007523313,-12.926871983766809
1.5670996309405243,15.588928777059209
1.0345258216274411,-3.9006966534613454
0.10473272673148654,31.93582195974543
-4.120151089892219,17.128244268392717
1.6478221985860733,5.2352547040117745
-3.7189323860456214,27.846514063763927
0.6421136616965748,-6.331127896853129
-3.8554577837303166,11.459967150022457
-0.153937927774702,5.673129611486436
-0.9163862124436426,11.037353568481723
1.37631125011938,14.703102971389583
1.4307751294892337,22.6186008520741
0.7964762773089225,32.924041726622875
-4.968626952325514,32.046060811696755
-1.7237766873644786,13.231640476619344
-0.2095266121037338,27.73118419591507
0.6269929800845282,32.68709323119013
0.013437846538812137,21.097023621299876
-1.8791676777239463,-2.6590357236145508
-1.4601739808261445,15.200150009104432
0.04754432004158102,12.22598823746442
-0.6446954602316934,29.52668827347999
0.1587865991634837,4.920819435653247
2.4885491325050415,25.626171436191242
-2.7193812820869123,3.6025573635516857
0.3568002805958351,3.5596792552599794
-2.736400966598237,13.226695508319429
-2.5651729996470967,24.61235454244716
1.9961206720338824,16.466799580742887
-0.3368277984448807,14.732709162126472
-0.6946410673407348,6.294124950733531
4.42211105624026,39.09154336438827
4.595076094930863,20.28816431515424
0.8456106959575562,20.79237142871721
0.02501514098851526,16.85049806497849
-3.1400740609104134,24.70832491167269
1.3861231305074395,-1.741493440394752
2.07755949023795,29.739802760398504
3.6799956101791222,12.589446237334478
2.0241388756351943,18.676081030548865
1.9161743719099058,23.45936937100025
-0.43570910900971466,19.464407582652715
2.2880781928737743,10.736019999948725
2.43136988896482,17.39362677277078
-2.5114685191136368,14.932699075352266
-1.2844731424989657,5.955965175456772
3.475235497097014,3.2036585186518725
4.231252310903444,7.919005687732251
0.17958239792038644,46.502557387971464
1.5962040125316876,20.986669502882183
0.48327185051264004,16.27321712619245
0.03850658408733945,17.44979972443535
0.6416851174813906,22.788963782628542
6.488060553037655,-16.44895904699418
3.1977237226331807,16.434016903501018
1.2553893455761784,13.461616802326725
1.6514586762563122,18.12631216388889
3.284314088721562,5.46706042503148
0.23420880518266596,33.816659255855555
0.16045810372949665,40.754629097889634
-2.0520478337683525,21.874054122966715
-3.3889690787917335,6.743498845141804
-0.8577507254215135,2.3559133453840566
-0.7350168257907943,8.478985843316423
-1.0218538071333187,-11.215600906996574
1.189962320964734,9.777765352905782
-2.7266076810806146,7.7377609630144395
2.9862178970163225,-6.381591928271085
-2.081834631517779,31.911614379946794
-0.7057386677533881,29.745653143754296
-2.5660628395536675,12.008233037632689
-1.5624456986721043,-6.92735599193556
3.732150589834399,11.649409465064586
-1.747054705382314,-5.069275484929552
0.36426855892987736,20.332973487423
-0.48703163195495586,-9.389505689219842
-1.580124943058439,-1.2574511315390282
-2.975854101085959,5.629856164007091
-0.37104193983581285,10.572887148611679
1.429731570022827,27.872226773979563
-0.549188009444457,-3.151222278544658
-0.4581594731901624,32.98057282532108
1.1828770745704855,11.234017702301855
6.850826598613497,27.754372084792777
1.254825791560282,28.262333624987278
2.5406062939603715,19.179136484639997
-0.19749614988307657,31.22046186834585
1.7976057737717976,26.527430302221685
-3.2467124574971495,8.497413364916424
1.9003038973655222,48.93539936727886
4.4276229099162565,18.85526656391244
-0.6695616332494174,18.048615016467007
2.0335952426365633,9.863846979318186
0.33362661505307517,32.67408312745118
-0.6739376243791049,-3.614527797307648
1.149443241000719,35.1533687043123
4.486282539610791,31.284526761030282
-0.00325391878722725,11.898481378488537
4.213917801312615,0.4329149687253455
0.5708539472440599,-0.3797844326420048
4.816242657939878,17.251024963720706
2.8329985458175924,16.542661267415433
0.31984084655301853,10.172256062592261
2.6174065149633727,22.041718169929993
-3.2053802164852776,6.896819060566525
1.9797763968375568,46.65844328830955
0.6781457517193568,15.029297708984227
1.9903418248178029,1.0718908276266976
-0.2668996670330614,13.570724791761506
-1.999520966860502,15.859521783602522
-3.7091855264877753,19.476182903504718
-2.8796504414120365,18.027539544236674
-0.4427522949660368,37.09015174940414
-1.9258036071298104,0.14076109984592655
0.6598222990515882,1.577745100148464
4.315289492613248,33.74247430863258
2.73564339817896,17.14693681557186
-1.3375550238008054,6.842145794705868
2.9801878754198747,2.840656489113057
2.5977942741314077,23.695944205427807
0.716473371530298,3.121627078382488
0.7292474601521938,12.645669721488979
3.7989816778331944,43.98777485312055
-0.6730648565652131,31.38121002563892
5.164193638773897,-0.34756014178102035
-0.4203914932257434,6.889552801428607
2.2697478199620513,29.84376049943993
1.7327742527637175,18.93649266748415
0.6839427956498445,-7.65394032080459
-2.0044985946595792,21.593029648437273
-0.8493055476358267,-5.30529879852568
-0.4795003297560662,24.547913732284876
-1.4771187156784549,5.072801217912723
2.224583203633091,9.120337191677379
3.7196866396785726,5.203554808597181
-1.6237842976641708,24.236749111269404
1.378670109369983,41.32839625603087
1.4027305297349697,20.32765116477475
2.9158507587770464,0.18927149126551512
2.379417596514791,19.974634185336168
2.1519793960132128,-2.9505681468463543
1.9224554555534799,20.298666916851623
3.0404053966410927,8.314934960211984
-0.8256270548594129,3.094307042550552
1.5428194124949723,18.053989308247765
2.0089289039332665,22.845147252782954
1.6300709435174767,32.30164948169741
-1.7504068538135484,22.98008116467163
-4.593426099382572,16.763333944810263
1.1169972201671239,7.077532746689082
1.2070364568183893,4.163572597385416
1.6317434375180258,26.968287623346583
-2.9902767769399086,0.842150586015169
-4.899704448886538,20.958672368843374
-3.0484119349743435,12.82471990173529
-2.402041222234343,8.615134734785103
1.9132076116041816,28.92266035083489
-1.1328170708256338,1.8753484397370705
1.3288269564220752,28.618940086530586
5.12828966915254,-3.015226334418589
-0.8419721791863266,-10.188959496106119
1.8956630413107527,6.796065569231457
2.0656241751162345,24.061240024343753
-1.1887668364191866,-9.969310703165295
2.7719466870604665,33.99171753414382
4.711176582750206,17.09471898595827
0.6146726916373192,17.849634149378062
6.382701047281366,21.595903608842022
-3.4450196481583117,1.6809134533164798
0.6885080127614018,30.046960334902487
1.2626000436746316,3.151845798030223
1.8327766098365994,26.857719626056458
-3.3323067463332636,20.604210226202007
-0.3646948519550152,-1.3906074549026997
-3.665125371403425,18.738653320306838
3.245177345269582,24.21025432602466
2.0433749147187377,21.74280336401057
-0.022349653340741793,-3.5444460660096375
2.7645679015133453,4.518814112086247
4.889666370466837,24.622949591484772
-1.411548116721631,-3.421753780351814
1.7918806524137434,26.081403170867663
3.459171800794766,14.550166810576354
4.402657815524069,3.184577164744022
-0.2632676208680412,29.332611145170613
-1.389672767345348,2.721684272625126
-2.636074129049914,30.25191713490277
7.012691099494641,27.063504884893305
-3.4361351946828145,26.97558128007591
-3.194901700251417,21.102431343711558
-3.111241020851265,18.19835547032082
7.103229521483193,-13.602711874197375
-0.4745756411825371,-8.126546619017418
-1.6289625172007869,9.305288180737943
1.5820915139157758,-9.717528926834472
0.30822254170574176,9.465057461817377
-3.0347505634598844,15.53705773049021
-1.6526949629752659,10.91199549237204
0.5816222819326061,12.52521206836388
-1.199510452035265,7.024183551383928
4.705042021937934,10.235714275304545
-1.5146042450578852,18.11756453513469
0.09948618756713362,12.955954555458314
-3.0064832477969525,21.339527534760823
-0.9509667073110046,13.334253406930474
-1.6322816525717636,5.729988683200752
-0.3264350318758856,30.59976316758721
-0.8439463710264079,17.07903048890355
2.696554012368764,17.592854730162248
0.44960049046268946,12.681103698803287
4.924398126934424,49.88558829768853
-1.121939791161662,23.642397768620658
3.123815420473214,-1.040610037005461
1.113689031970462,6.469885105338065
-0.4561754493566185,16.5600841362994
1.0282498182542013,14.532056031482123
-4.401128765493814,32.684685077605266
-2.2296332921024637,18.639168174378067
1.9128826032720776,16.119602021232218
0.2940134289199059,7.503514542705991
5.10884384069066,6.007930027543624
-2.161561506437376,20.61676151073158
0.7751033769053493,39.77588067973102
0.548706566249425,9.53620114553605
0.7415280374150904,10.368379149226033
-1.8477312529852383,14.267874805784484
-1.7397663603006042,23.370394540638543
2.933613588821384,4.514309704412089
0.2753746197661783,22.951275690042664
-0.6716659443543298,15.33385971258445
-2.7023093939719782,3.603716240125813
0.8113771494602995,4.319735282298595
5.849812494779301,-2.1704196005182474
2.309299577298446,25.481169049270648
2.717896737297357,-3.0485789037076003
-1.2892001176710408,7.121484746899984
-0.06472275780730102,1.085799258771413
-1.323652198161231,19.706282881146976
1.5077853960946366,18.773517666339977
-1.5746318394928318,28.45330638095689
-2.2324349203058445,23.719611894970072
3.157435783405777,13.847174052043831
0.520509799977109,10.571632305208537
-1.1374842402370087,10.923763474430398
0.9295919445222529,-4.783673077629235
0.47602123086948894,-4.248966201350452
-3.7025082115842842,3.7563025765629714
1.5957399326249537,7.517832555441476
3.1085806145319883,4.860975939277646
-0.9317622798426877,27.839274692498094
-1.037095869814218,13.844396906382997
0.6843088044238579,-0.40708978790104666
1.983444849845877,-1.8163786490273885
-1.7436456679605852,-5.347372183212283
3.220310255949934,17.08315354144301
-0.36088868807536173,-15.730039812702078
-1.8188903030145214,15.35517045294428
-0.541152002646683,4.852510593631642
-2.096875188100759,13.08543915949685
-1.0346892901913616,20.004643134675824
-1.3222070385321167,23.900034819663148
-1.8329958110502413,15.353546711876632
-0.02002323851132698,39.22879872910828
1.2164729983087903,13.162015206082991
-1.7475471758241208,-2.758258148640884
3.3427461806684398,20.278204062448395
-0.9004390608800641,10.31913462461904
2.0044639880063895,6.864131810960737
0.7952662294777444,13.62602758323421
-2.1980938852007252,14.568735335469308
0.7609620295405402,30.358675390259272
0.5122371819970644,17.886710212280757
0.25679283314079676,23.922915339254864
0.2862520815660136,2.344578901760441
-0.8316471773344336,10.858750380421556
-0.3490529192366643,7.722021410635108
-1.7036000102313174,28.93506480375929
-0.6778016482391329,27.02794546919197
-3.418244819370383,3.605692221156323
1.5718297881529464,17.40125187580637
-0.19229770888628883,23.438365857260084
-0.8255164774911257,-1.2689547428727508
4.241166396396049,8.39525075868557
-4.237014463907775,4.430139235261628
1.9309978182865006,27.67009699515158
0.15704326625131204,33.212738405053926
-1.5566198605560233,13.980218109993725
-3.364706828384118,39.43395037055126
1.365315576948936,11.303113292617672
0.14120359678191352,7.344631347495866
-0.9660604913249395,16.72920860825088
0.4522187844964014,17.92412443268388
3.6609803408224084,-18.16632059597242
-0.11081481418719641,7.600597003977306
4.9544072323347335,8.207809605106451
-1.6579330982520466,34.170823444787665
4.48114812986843,-3.2711007716808
-2.0617551132668033,30.581041780498985
2.3591241682667223,16.758920073071632
-0.017197712887872918,7.283555671559787
1.9107536921190391,18.03731117750153
1.5937675406038712,14.81887296489985
0.9332044892389695,12.068604618500641
1.4461103579656693,15.323732961229727
-0.6265011332394916,24.77324784981414
2.8368096540515597,8.86282539682368
0.7343742042156438,9.272524065185118
0.9266031904215519,-5.6289798789564
-0.3008520320376195,12.642482038100061
-1.9276394193252135,-7.881621958011255
-1.7043657323761543,27.126899146602174
1.5542748634887291,15.61384942787363
0.6094576762803985,11.757401695245205
-2.766872796821883,0.7712442660399503
-8.102361432055064,-1.0222040542000705
-1.3908254051580464,20.100069649884396
1.3880390912568832,22.098488092392667
3.7250147949398533,7.713751091477189
-2.146411354823903,11.973806754592282
4.611161712608632,1.7122318012032043
-0.48531706829368154,9.12838149512619
0.8416573459445789,-0.4977466754700579
1.8901704377909627,17.6533532857612
-2.716663516977876,25.35803614695436
-0.1422548055512472,6.461584313078131
2.5505308388399053,22.429918739371466
-1.532197729063775,12.661809131920192
1.4879052243959994,10.652496830655526
2.3797449699310573,4.349959616716303
3.6138809370159026,26.80208170938748
-0.8483997547405624,17.009782548627705
0.7209782459003459,40.83128985321309
1.3211645341579195,22.000428347720018
-2.3460180259827927,-4.164403729244327
2.044549245472283,28.527570833163207
0.4391934891078149,4.062748559608757
-1.1837418816469774,21.75201410472608
0.2689405477418849,15.237576502859868
-0.5846277089595466,2.8690904594280813
4.118402696785288,5.586755280870188
1.4598572376585461,11.912199938866333
-0.7345974243817339,19.967365104061432
0.32911873375721284,20.067454195929145
2.306710219258128,25.401724478921928
3.4363035643749873,20.839781922169486
-4.1934210553192,24.632651325765735
3.3697702380115833,12.463263473499408
-0.6301254859083245,28.48763378672208
4.639632293888521,6.861025617022284
-4.4987705993887745,7.050509327993019
2.3833201777471995,30.304661331846987
0.6987369375834872,18.817098272732114
-0.4557246477925017,32.04237085462305
0.9890450434261482,44.73660824122081
3.3343249070414878,-10.499505855611101
-1.7216619454172415,11.873171457497453
-2.3461661377170766,21.279881317192817
3.11525603739413,33.253159197334114
1.3871394330172497,26.47692757577648
2.407843621883733,35.288488193101216
1.4355143152101557,34.576447366731955
-0.6714615815335179,0.669982277121937
-2.9027199763350615,18.050096616450972
0.029831012884286967,-4.555436969460661
-1.0190659929650583,31.69861636081168
1.6636791888328673,18.0582800758614
-3.0013011618739402,34.24985095496167
1.9906267495770282,21.639196991631117
0.8063006379152065,41.28205861932416
-4.888294479422172,19.751800642249734
-3.591827648430895,33.05822696189048
-3.6647606074770867,-1.8052079936974508
3.155167025319292,10.379804842982276
-1.9579337099821357,21.64788016097728
5.368484731277091,7.6816943344169655
3.5151447722470612,25.687990873893632
0.05005317366347392,31.551121310376786
1.7285245619676863,1.4716186804469107
2.2549880033536844,18.26585878892678
-2.01044965199265,-3.8126333104130694
3.4951166915020635,37.931854430423115
0.12639082085600126,16.19447385621365
-1.627791166169395,10.880407782192547
-1.0578389443101317,17.080613572772698
3.506557265916602,23.39452813294335
4.016714407515292,16.88200340988556
-1.5698041826413414,25.85704367910506
1.0835703983670795,22.32779724659886
-1.1820014571424444,13.769745305277509
1.9342983460215089,-11.415471554861941
0.041534702838829735,10.987795843565195
-5.059945103002152,1.1564516835973482
-1.8114697668122035,25.366489991979268
0.6637370652304626,-15.90970318532813
0.5427908536574564,10.657523467584332
4.066782499270141,19.886191920115436
0.3691797405484716,-2.92822192417508
0.3629782851142902,10.419165432921861
0.7505947369774619,19.077221453977895
-1.996274618268896,7.173058539661479
1.4723345642120311,0.6440151471472966
0.19168543429913565,34.08517813433714
0.9437401952217574,20.570690914342165
-2.0436757963113377,-10.72154663319499
0.8005616671788784,-6.228868063739384
-0.5087114194678779,15.722886374645565
-0.9457816979631422,1.3916255492210396
-1.6538364769135065,23.747993575766962
-1.5794401677742573,19.475318987543776
-0.08140950312852285,5.971933806130515
2.0531336864466847,-11.43526621399533
-1.4399588240107961,51.32276761435287
-2.6073545662911393,25.714542370666088
1.6599335728213214,9.360010808882205
1.479732115741189,3.309040671692429
0.589774896975376,26.23823388840589
2.163687897593236,3.768387614052916
-5.126090972485665,-4.686985622864988
1.0127738494793859,-0.8565736506960029
0.4731906470366776,-5.8408250425475075
-0.11931846720074346,2.8752953917824087
-2.539525520814299,10.347683226600584
-0.25009176155183505,8.136463470842692
0.37787955733045886,18.1956065980384
2.435706975249632,26.60377833887889
0.15756874865542714,16.414006418701547
0.08395364183719212,0.520848461319602
-4.8374458706638865,12.101221040775119
-0.7952182037901587,15.088194222157341
1.8084716536042678,14.658241996081813
0.37614473516402785,45.84091787843934
5.050218061807018,13.677359436008073
1.8845990417520606,23.19584371273034
3.000141697290794,14.561923266207357
3.7888121022660677,27.64954779055038
1.3192830874028108,27.772853797467533
-0.6267412215407697,29.78224325056339
-2.542431719397387,0.913567667420601
-1.8248176026464222,-0.050115165252829996
1.475416975321618,21.34947657135711
2.7407100332178174,15.105444322857949
-0.24454007536943517,32.46154865058713
0.3869352264908828,-1.084760170535457
6.108199816329489,7.966549372814925
2.4097216331833877,18.353882455636132
-1.485319249909605,15.163618883015284
1.9456614478085248,16.542213450063066
0.4874520643725899,9.631907341314777
-2.883214134670379,10.575149828847294
-1.31950883307091,30.303438517521116
1.7722254479328412,1.6010936469733288
3.447338819057796,1.714301201113832
-0.9579323214798388,26.258398864228546
3.598475843918059,24.823008620830116
1.3395811011587477,36.87049100144071
0.9848613879068833,17.775287827856527
2.7799747343133667,23.726248779624747
5.026051785700405,30.6330862388255
0.2151298977582246,6.856163569426991
-2.1702855726042998,21.866213505128066
0.6298764332586919,19.74781558511686
-1.7767130853551,-10.456022797932793
2.345966040083223,-2.645605433328761
-6.306454516131958,42.95535774264167
1.624017971629975,12.45658610274796
-2.4944448130294363,-4.5029632654404175
4.147309583049712,19.22517431641066
2.479500863280307,13.534914755782617
-3.5311940989158597,22.500136107458186
-0.06329705823609694,26.055403354755175
2.3063049320042226,2.510207256769993
0.7837914798640224,20.78478354002162
2.5180854631161047,15.968031863699109
-2.9655601107934326,11.072628245143171
-0.6375759963913563,31.804839010014298
-1.1343347053839454,0.01336017750207752
-1.7665232671145776,22.622787975905723
-2.64545044982407,8.371719022228085
-4.441424438770464,13.930841395162629
0.7915185452513152,22.55112083446855
5.192280014882631,18.96446840506083
-2.911334661811461,-15.180403307137283
-0.18323798328938357,24.056234221351787
-3.355673856364771,26.99099621111178
3.9678327708526027,5.304350637377292
3.3693829162702946,19.503109197099064
-3.0082808010105118,38.49476472722649
-0.28961183269960306,15.311689046148173
-6.510437340652387,10.455434918383986
0.10098900756855858,22.087393487434934
0.49576023336810465,8.510314971844261
-2.2246605515550177,24.1924301049869
-2.401199682215464,22.29500631814951
3.217676263736021,24.266605711474725
2.26829018653151,12.466871152200103
-4.201477248835231,6.209829648087579
0.5537962100730229,17.925753527741282
1.4572816640371484,2.6280339386727825
-0.7033998098782355,24.899503424878944
3.990706716553869,23.44286471721117
-2.3262108134181436,18.876634741736346
2.5071582158311116,8.120582035560064
-3.311341178721408,18.259712583071366
-1.921685563083207,-5.44530883717691
1.1008014193198328,12.14168843851605
0.16453087125289417,16.817122612964305
-6.204661958549084,14.488550909530618
5.062388413948464,13.768328136753178
3.9677872727008645,35.7535248095454
-3.2713432263126925,25.054698452294787
3.195576180530514,7.063839801071545
1.7593463769067983,2.5204574663444657
-0.8117979788446166,1.7409276106457376
-1.2183588865629336,10.586099278313615
1.2673639484855224,26.28768352781437
-4.629266048481405,18.948776522186474
2.1429817710651395,29.430295201441762
0.7210251651028197,24.800241964767075
0.8236849032390632,19.89409053821355
3.9564377699917674,10.87650933558176
-6.009551306996597,30.32789708326964
-2.550404986944158,26.466465450365707
3.3270716007030923,21.385217445479192
-3.5491460769533787,29.843241812996425
-1.2416810384960377,35.664839832257954
1.0213548153305048,7.28696054725828
1.8490076193278246,24.081393396809833
0.28937302249466956,20.875247666157343
2.3879001587005937,17.162940812418118
-2.4242561880282083,30.544189558161406
4.261576272958388,8.437569383045457
2.5011189603209028,6.261465486073222
3.736256755452596,33.790680389130685
2.16096025368596,18.465372690210117
3.3381502509234626,18.796869745024615
-1.805709246878928,15.027311255211696
-4.536116385783084,-2.2135175918388192
0.45312364864200483,12.605724888132176
-3.7670057781521047,21.039445296295366
0.8428339762718426,21.618688355300172
-2.9955446355962017,11.924955848530598
1.670425998035356,8.484462330586524
-0.8922766304803467,4.847832461637866
-1.2335354450333542,27.867707837058944
3.478665614154269,16.150192430545108
-1.5268679064307453,23.48327273765316
-2.545353673030902,4.107216902825508
-2.7485276287436746,18.47822649097155
0.5126285749298403,15.805838837507372
-0.9535538056128332,7.27846515168946
0.6149160665169668,10.949119408047709
-0.23353071775618944,25.221461699718027
1.4516055481465715,28.05776082223004
0.13678813748368257,26.302523298036483
3.9035606632525948,13.799239816828159
0.957528074984006,17.4806133041166
-1.5541360078621655,12.325001390330042
-0.5295610790386778,20.863397491347083
0.8207594905013531,20.485154631463754
2.581946853062001,8.520911475948424
2.5397794226807164,27.625356575198392
-1.9833184798264487,18.325670567888793
-0.44834430280608767,22.500831466781833
0.7143003060844534,13.14744780074082
-0.6900646711863379,46.12200513156671
-2.656099179133955,12.906002622640505
-1.0701302652143616,34.82382363249465
1.0123425082656168,0.6537902467710239
-2.072882785364314,16.476574981122855
1.6141726502662548,3.7677215274978195
-1.2786238778648829,18.94927859406593
0.07966116833932382,23.407656991579838
4.145369977094825,23.541914158311986
-0.9770326368026541,9.639145074416291
5.716845634858421,16.670013338010495
1.3059226466249476,24.593897637491814
-0.49119250664156916,-11.314369695699302
-2.7071408332452123,-7.32183200471334
-1.0641789815629936,23.034928486926766
0.6258175822763052,12.868745340306104
3.5561390513102134,31.98351138665635
-1.9529374063316907,21.881753991491415
-1.717529577403723,6.26146451688852
2.366761711026047,16.840362615874337
-1.0436059735351306,-4.041818588100696
-0.9493300879804396,1.1302512520088843
-1.0872369742248993,19.55691451829398
2.248419248894265,20.902321798045733
2.192335048824026,11.164994493522917
-3.6362040572755743,25.923603258718813
0.39196718765618593,19.104501886204
3.829867033886422,-0.4546429252303561
-1.5517284028496734,25.602358779387906
0.7679169290722223,-4.770427115612183
1.3711396201881956,12.057056711770267
1.647775195929256,23.171730393165717
-1.4623644802793707,12.586888528237772
3.0248049651085527,14.541470904046424
0.0820394070479124,23.595743969573313
1.5248978204237031,34.923442471957586
1.4228553446650416,-5.015334256998948
1.0468100202563333,-5.091576060068878
-0.3975030361670923,49.81762493754266
4.8776768719754635,1.5558237889809092
3.1236524395728815,18.199680444076268
0.6536844466090184,18.819043685592135
1.7465674925177188,-3.9748987801224267
-1.3453115111644598,13.19710889100442
-0.5435257376252276,25.07043620682257
4.362280028691072,4.642857015650192
4.197805179318658,15.419727821388573
-0.9633810234490816,30.979901551878417
4.286806077568175,42.098767857243935
-1.7267864331000764,6.081645091132261
1.511423938061451,5.0153821019207125
2.8086067596467084,9.644482309670014
0.017345918123034154,28.434136233601006
-3.188901174478881,21.332056024466322
5.381410432819877,15.69093201307743
-2.127045400290857,21.731164206044472
1.9765677152883525,-2.7602421187750608
-2.21638253966037,10.289868267788613
6.908517758180057,16.374835513971053
3.0879245838640887,18.294050760011213
0.32477104805257473,28.742601109800287
-3.5849793206481553,0.5189354185106012
-0.019815723971634336,21.65774448479167
0.7853276263691227,29.528636239755798
1.6300885048719582,28.276203540329924
4.681586607314282,12.341839545235274
-0.0007482650646417066,-4.3578592919569665
-0.033756957988091196,5.7310262382583055
1.7716871433332384,13.272130075692267
1.3713243459674735,18.23662305575521
-1.342958898540402,16.99294183669925
3.0899965268362686,22.3838971398316
-1.119493085755968,6.798652412525282
-0.10702251539008445,18.47721916111927
-1.992329851005738,17.15701942024039
-1.4281861444080965,4.6656997018167825
0.07879022405161254,4.442036986084997
4.053005877322194,18.691964076611715
5.780587127324084,12.986221455824705
-5.390304355837982,18.32984076244381
2.3613728126579003,9.70891700964441
3.3168367895260396,13.740251823208473
2.1897418982942627,2.6377323930676333
1.8151951363828323,29.48928737408892
2.1363752236706772,3.789789385898411
-1.938017258900184,14.717346235415263
-2.9324547166569244,61.886642710384066
1.9997363028412418,19.45615812708865
0.06411179362137379,30.319445372060095
1.4786422448945618,11.802176059705344
0.7772596483982774,29.581169838097672
-1.7678201834643958,-0.7307257975532906
6.568477463814309,3.347795617190778
1.8118210663121936,3.0835613799918917
-1.6976996131078126,47.584153411442855
2.8441564604324014,20.163612938134357
0.039557098406407865,6.776299641253807
0.49668611798171514,39.966226666539654
0.9694749568275145,10.763211720670952
-5.124486577146878,6.487902587852647
-3.0609604325671302,-10.646857866956736
4.774002829509948,7.219360745433892
-1.3872769614132092,36.34576900662967
0.3942991659195958,8.671553453131956
3.36293027522118,29.786978537537685
3.208769064546346,22.189273694439287
-0.5612559939207011,25.80739621199067
-1.6631136917536153,11.995753661340666
0.10461887887254667,28.912181120821987
4.521636607970621,22.02225653707304
-1.1142352808834608,11.236097072000913
-1.758821601475628,16.060934822158043
2.593164105479738,41.691630825356654
1.1968003011872888,30.917465527064167
-2.4791330720893052,-0.45989621220592625
1.4056855717035037,-1.3198260094174046
3.7580622855531884,35.984714752236776
-2.102121394630832,0.3618324812700173
-5.549320731190807,12.20929803758305
-0.7556251712415045,21.045377152113275
-3.7821880439709448,-1.4892005980950387
1.260864232375093,10.665277419582456
0.6777355982278377,16.058442836235578
4.197806627093807,4.283556525234474
4.349143410244761,12.848250362459433
0.0318221279794452,36.152240325897296
1.3716321851493427,14.359410049687307
-1.383343209294068,29.10259075353418
-0.43799130986966867,14.163632846099025
1.7865293383508158,-4.641966861602203
-0.7396658060579162,17.60017023658481
-0.04142548597082796,28.76788447872998
-5.067308207424558,25.825806920765142
0.12780386554397408,-10.520755405893528
-0.09018930430160366,3.544885187810113
-1.2391685896311804,-0.8338250258804898
-0.6465663251089866,10.081838057168419
-0.6774598788609283,-5.472064989571688
-2.291347930983932,7.011923073411289
-2.399479919452638,37.30335411252991
1.687328415488017,25.109713624358527
0.7584118581974848,9.724983917604757
3.203728217871578,40.75388167276185
-0.1981186850025935,21.625048704911965
4.307593336378285,-4.7943595825615795
-3.4947898537832316,7.130610436770432
-2.8917897926995937,7.804348391710427
-3.818881439842536,34.90856645423497
1.6314415867564316,6.390014493190778
-0.4595276019330469,2.9985654106739297
1.4776037511240165,32.903818943331515
-5.050314952961759,3.7412425362621544
-2.260607187368218,1.988934380894115
-3.930836130627532,31.517408803889282
-1.8670234519963589,-1.7495362941381956
1.0752283522113941,12.072316167362766
-0.12899860860075957,20.612944429101752
3.404908415293395,44.73622922092605
-3.390320582417445,33.20563259843965
-1.7706367670215897,26.56433114153543
-1.4887531656122226,21.199075384136982
3.069131388036112,2.3773657409813325
-4.318963486151836,20.96484665471267
0.2948232553635144,9.394400765022125
0.4336946410903544,28.03193325578077
1.81458162115734,50.862249290355706
2.471987028233644,21.214206404350396
-0.6926416358420315,12.208864538170413
2.5209150029557716,16.657998098710127
-0.449019435921673,16.786040736181683
1.5102112893474497,22.557244169059608
-3.4674337335932357,-3.8545985181088476
2.388141961046496,45.83403845535212
-1.6534447984594611,26.779580348005535
1.6996167206221815,30.359719477790016
-1.148191423727547,41.76344556819687
0.062371221382130804,19.475139609036177
-2.027672869949579,-4.705290844560729
0.8324405368256069,7.929434891709088
3.3787108971784914,24.657936457389738
2.759686938741426,4.747715687482062
-1.8002760421059543,2.3782310236316793
-1.10254904326597,35.96764452287954
2.9841047168760775,26.09403897695916
-3.279362300720596,-4.7462167903856844
-1.4405439607797152,-7.421714667003705
1.5728319037516771,23.478310131764786
-2.393188954714948,24.939229304338134
0.5964997478310277,15.228185775820798
0.7552102500286999,22.113278694972426
7.465965298274102,14.504053893337618
-5.394650114125355,41.061958539747806
0.8096072449695988,7.887830705387801
0.7731931688827307,3.2328673921862876
0.41845083654831994,4.428264694883913
-0.34748266006807577,19.322927774208544
-6.910483743870038,11.869711405748001
-1.3890732605971319,27.264688861425526
4.6344715812169,15.85034334452255
2.7773506968519257,3.060197585512981
2.65208464497362,11.102764808119414
-0.45534906645091383,10.499696085700105
-2.411292370387006,38.14503883284374
-5.97485257879309,10.31954478208653
1.2175570551613384,27.60147686694111
1.6428661773159603,35.84000166736547
0.5244666515683793,32.33634001990972
-1.2034016451215102,10.58092197398939
4.961646998121967,10.918447135674608
-4.0596469289085295,13.90945716261525
-3.3124156566990344,16.50712119023673
1.8677449173607314,14.057687677603832
3.2110424631547905,40.84889924054342
-0.497871249747104,4.218064495958231
1.9176544410319973,5.172030850290842
-0.9386487983810838,21.40496910828445
2.926622916305561,17.28733121259804
-1.3595921645269795,-8.840127868547974
-1.170906463373234,15.091572795285888
1.3481877864922496,12.125367342561098
2.581168208933507,-1.321333226772417
1.8797337111994148,-5.139635259951561
3.0050444036498183,22.607204451856948
-4.487546189050912,18.665678622285576
1.881342538141137,-4.246036734910469
-2.520353014570804,42.86495597305743
2.3838489140630994,3.417197739700244
-0.0730092889398885,26.125798545669046
3.6509803160622876,5.622553238461727
-3.7090081453018002,16.567152489030885
-3.2769710696202656,2.8743302705016376
-2.849841675624585,32.63981827031209
-2.650139560447749,0.2001959547452934
-2.7117825640554805,-9.635076205303346
0.30345747761106384,20.206190299477367
-2.1473994834589094,7.089573034980694
4.536910372270243,-9.569951436759304
1.9623886500170047,4.466464651905872
-5.186103981358528,17.774396408463552
1.3308979007049444,15.05427641024093
-2.1946838645229203,24.608847900435485
-1.5299495192289418,20.932004086004696
-0.8564280396030588,26.395670032876758
3.147401170111837,11.227329103270087
-1.9405008641831436,-17.485465483312826
0.2457128373297767,20.49775757221055
0.5089356152536213,23.336510256940294
-3.529658757420501,22.13580613251771
-1.925907563786857,31.45499820891233
1.2884769085071086,26.391023337382354
-2.382657037238778,8.407131315725824
-0.9380006196144837,18.85039192744945
-1.6503043778247002,12.080415619876282
-2.2268574654309017,21.417727353894325
5.922473443250909,15.486457737174902
0.9918948865392452,1.9894213017463116
1.2821585945450904,16.05990583148745
2.9238447765325435,23.955099345779082
2.1536032025042373,9.876107825572
-1.1609251221571384,15.213934377736319
-0.7269766555867856,42.157158731320656
0.1734425514377303,21.501429887509534
-3.3216580687042785,5.235565203030996
-1.61652176471091,22.269727958585268
-4.676079919379239,17.32606137840225
-0.7858119583635395,20.112898468700696
1.4350604740476731,22.277221198301913
1.439833809971028,17.66397544327228
4.815600124380275,19.814838753122142
-2.0848601653630103,-1.5383865634141678
-3.6618530629949815,3.0903304655816015
0.900997306630478,22.64124546742709
-5.303345496568905,17.258860194117215
0.019352843379044582,11.19679409302717
6.823882439246468,-2.4317572322249745
3.646627549151793,-0.6140347548431464
1.7773999235366955,33.283083273833064
2.7311633863899063,6.431274565638704
0.6220665678664887,24.775618758305672
2.8828806053289355,-2.4596461284155993
1.0254407709991482,16.230652388351864
2.421785497138255,1.4293077905670195
0.08972433795787935,-3.667538943363194
-0.9991946422435394,-4.975389600542858
-5.116549144558409,15.447521960770928
1.781654137197808,7.903800798654316
-0.4608917951391294,30.123107071216637
1.579632607440146,12.60691958685774
2.5939321946211975,26.179373948069475
-3.4506479577800864,27.589586164921016
-3.306928986393983,0.7156800938762213
-1.5836619038734179,8.62420406321369
-4.400477260676775,30.288299092874333
1.4889104280805676,40.477144467336316
0.8759561451623918,25.28223714076492
-0.907408394368769,-2.209568825390864
-0.4161179967236341,6.5389530974269
4.526969988885961,36.40001267072865
1.5934026481512211,40.61433288637873
-1.9749115602665241,21.32147735903913
3.0962862688004407,30.236929188627002
1.2991263410546383,7.183592311886466
-1.7366310803146703,43.549950529999876
1.057603638779099,25.77582216799697
-2.470571729430071,11.340305730072311
2.8323474843272365,18.54002172796206
-4.972488426115187,18.838532148158965
3.843872771086594,4.139192472298793
-1.80967927091091,-5.202556533664225
3.621720786518437,20.80532971626295
-5.404532312625408,9.089187389037146
4.381809933060036,21.823481691463083
4.489203896092995,17.684063087910324
-0.07537372203897158,15.004800784405283
2.2837575504891237,21.295974327767755
-4.756514278445481,23.26588929264797
2.6269410534160826,25.333894843528185
-0.832840092075303,6.125373694024271
-3.553865781952022,1.401179646056871
0.1794496703167664,13.440680862445232
-2.342202616441082,12.590681163188432
5.451339830514205,15.942977032000384
5.036508560238853,14.293204604881868
0.28955210763712147,24.83964526936186
1.6295542882275023,13.615958368401277
1.68166901951986,14.97518185178944
1.9271201581653374,18.446015957375185
-0.81132665705413,21.434223704461182
2.222213846085995,12.62335385642957
-1.3520916371585392,29.08717654343559
-4.976218904202915,0.5042014256489544
0.449549501000591,27.99428611311955
3.6257385851531057,21.92567555632371
5.35856603070258,19.7775385486095
0.11121884449327835,22.8986582578032
0.23629366842477825,22.701987000848014
